CorpName,StockCode,DartCode,CurrnetAsset,TotalLiab,MarketValue,NetAsset,NetAsset/MarketValue
엑세스바이오,950130,00956028,223777988.0,105042408.0,570153773900,118735580.0,0.00020825185315852208
글로벌에스엠,900070,00783246,537868500.0,250975376.0,54281407680,286893124.0,0.005285292630789785
씨케이에이치,900120,00800084,381726276.0,59582988.0,33846356146,322143288.0,0.0095178129843697
GRT,900290,01170962,2466895765.0,2014550828.0,83208125000,452344937.0,0.005436307295711807
윙입푸드,900340,01328639,612060763.0,176761683.0,55169442200,435299080.0,0.007890220793278203
로스웰,900260,01139266,1475315068.0,745564773.0,43778015649,729750295.0,0.01666933240763893
골든센츄리,900280,01168143,1159176666.0,180781325.0,60388168122,978395341.0,0.016201772158800774
SBI핀테크솔루션즈,950110,00938688,31648339000.0,35153372000.0,157544137000,-3505033000.0,-0.022247943127201235
영신금속,007530,00140858,51480874082.0,93504592617.0,59153184420,-42023718535.0,-0.7104219146787228
웹젠,069080,00405320,337239042862.0,96245714604.0,898661997800,240993328258.0,0.26816904336443725
우리넷,115440,00664048,74631299337.0,37564385258.0,76384851840,37066914079.0,0.48526524809712845
나노,187790,00994994,35564464436.0,32651919009.0,46150419975,2912545427.0,0.06310983580599583
손오공,066910,00306870,29867783082.0,23745221177.0,63340459155,6122561905.0,0.096661154445021
새로닉스,042600,00147994,55710532900.0,64950373854.0,321770566600,-9239840954.0,-0.028715618869783847
로보로보,215100,01063990,14290472752.0,1197161669.0,82004269620,13093311083.0,0.1596662118164476
아이비김영,339950,01414422,17315984776.0,39216961732.0,190573817200,-21900976956.0,-0.11492122725870446
프럼파스트,035200,00356389,25356656685.0,4223881124.0,62373081900,21132775561.0,0.3388124318577242
BGF리테일,282330,01263022,821519703023.0,1749936310886.0,2618511759000,-928416607863.0,-0.35455888432502547
HDC현대산업개발,294870,01310269,4870490426208.0,3546680078320.0,1591662019500,1323810347888.0,0.8317157359222895
지니언스,263860,00962223,27809628305.0,7856865956.0,114751890000,19952762349.0,0.1738774180451407
녹십자,006280,00129679,1160035011251.0,952441107252.0,2676217202000,207593903999.0,0.07756990121872775
녹십자홀딩스,005250,00108135,1524433142127.0,1633840402924.0,1305032827500,-109407260797.0,-0.08383487257296598
파라텍,033540,00105138,,54627532812.0,114809449990,,
시노펙스,025320,00203023,73807260724.0,96450176733.0,202516778870,-22642916009.0,-0.11180760495669838
티웨이홀딩스,004870,00109514,109166313512.0,653494501524.0,65541453282,-544328188012.0,-8.305097930464898
이수화학,005950,00145552,573244414113.0,710938542366.0,408209342400,-137694128253.0,-0.33731253538552036
삼화왕관,004450,00129235,62297538570.0,109903639782.0,91022512750,-47606101212.0,-0.523014579291539
하림지주,003380,00148364,2822507708954.0,6196094486323.0,865242853400,-3373586777369.0,-3.8990056538605096
아모텍,052710,00298447,173881940802.0,243423772861.0,235303254900,-69541832059.0,-0.29554130939903117
코리아센터,290510,00540340,142684746395.0,177922068082.0,522736369820,-35237321687.0,-0.06740935531065818
대상홀딩스,084690,00539274,1723687211327.0,1895533868772.0,358504126200,-171846657445.0,-0.4793435971476972
이트론,096040,00480756,59731380141.0,15391886097.0,262299374000,44339494044.0,0.16904155495239573
이녹스첨단소재,272290,01237540,220317622579.0,160079119913.0,820039221500,60238502666.0,0.07345807503671944
바이오리더스,142760,00587925,102893429739.0,102420490486.0,270247504960,472939253.0,0.00175002264339129
케이티스카이라이프,053210,00349097,494023421720.0,183784724961.0,449526480400,310238696759.0,0.6901455426673458
아바코,083930,00442145,186400774871.0,102310963198.0,188036135600,84089811673.0,0.44720027565276127
메타랩스,090370,00442835,24888167790.0,25392845285.0,62223463470,-504677495.0,-0.008110726514658282
티와이홀딩스,363280,01497869,258343062976.0,582113251001.0,1064547797500,-323770188025.0,-0.30413870451411085
팜스빌,318010,00986898,43631035185.0,13747806355.0,109821331300,29883228830.0,0.27210769052114014
동일고무벨트,163560,00939687,168234496559.0,91261834409.0,100358000000,76972662150.0,0.7669808301281412
성도이엔지,037350,00216498,273642053980.0,188182388321.0,86477300000,85459665659.0,0.9882323529874314
한국맥널티,222980,00579139,41258235648.0,29692458629.0,73006129350,11565777019.0,0.15842199993307823
바다로19호,155900,00910947,4914258233.0,1540509811.0,44916011820,3373748422.0,0.07511237719680518
폴루스바이오팜,007630,00167280,10329061155.0,84598153208.0,55134426375,-74269092053.0,-1.3470547702419984
위드텍,348350,00925587,96942542596.0,29307002274.0,187378240000,67635540322.0,0.36095728256386655
심텍홀딩스,036710,00152127,222525913260.0,496129541694.0,169770442325,-273603628434.0,-1.6116093277899752
솔트룩스,304100,01050738,39785798741.0,4751876148.0,150469617500,35033922593.0,0.23283054197303318
팬엔터테인먼트,068050,00397191,27399735057.0,36036991567.0,135286230630,-8637256510.0,-0.06384431342183224
솔루엠,248070,01159233,424207621760.0,311500677193.0,1145127117900,112706944567.0,0.0984230857912862
셀트리온헬스케어,091990,00554024,3517100960405.0,1793491965902.0,12758845385400,1723608994503.0,0.13509129881574808
스페코,013810,00136165,57701223143.0,41577112680.0,80018866200,16124110463.0,0.20150386063580591
라온피플,300120,01251489,58569595311.0,5701317646.0,185119545600,52868277665.0,0.2855899278147321
아이앤씨,052860,00365758,21239660988.0,14963458038.0,67342959580,6276202950.0,0.09319761099219571
코미코,183300,00997812,133992182584.0,151795317585.0,622269758700,-17803135001.0,-0.02860999550772481
네오크레마,311390,01219155,26813522155.0,10255195755.0,146559900000,16558326400.0,0.11297992424940247
모트렉스,118990,00876908,193040884654.0,319995988824.0,270429558360,-126955104170.0,-0.4694572033468154
에스티오,098660,00612188,44247286129.0,40546585764.0,30689896080,3700700365.0,0.12058367207739336
텔레칩스,054450,00423177,97400815995.0,87724619286.0,231626373650,9676196709.0,0.04177502136963582
HRS,036640,00230911,36354078302.0,13327312708.0,116119080000,23026765594.0,0.19830303162925508
덕성,004830,00114093,60359297274.0,39677608604.0,242256000000,20681688670.0,0.08537121338583978
KG케미칼,001390,00101220,1407339123198.0,2892473897698.0,439555243200,-1485134774500.0,-3.3787215542876727
녹십자엠에스,142280,00513948,81347537373.0,66589877873.0,156690239860,14757659500.0,0.09418365504568575
엔지스테크널러지,208860,01084364,63864511657.0,56665724526.0,25233717915,7198787131.0,0.28528444184282226
콤텍시스템,031820,00186559,105290317753.0,66713055259.0,107735804740,38577262494.0,0.35807281142141123
KISCO홀딩스,001940,00159740,1083407280839.0,229436787574.0,286383890000,853970493265.0,2.9819082814504685
핑거,163730,01142075,37284905134.0,14419660264.0,211573420600,22865244870.0,0.10807238832343197
송원산업,004430,00134963,457098000000.0,463937000000.0,490800000000,-6839000000.0,-0.01393439282803586
메디아나,041920,00273439,55838565988.0,11026565998.0,123360000000,44811999990.0,0.3632619973249027
와이엠씨,155650,00870861,71915324491.0,28979869457.0,147011274880,42935455034.0,0.2920555247823452
예선테크,250930,01166109,42385855244.0,32095110780.0,63855851400,10290744464.0,0.16115585711225833
티에스아이,277880,01139035,40426441130.0,24318391651.0,191829280500,16108049479.0,0.08397075481393988
롯데지주,004990,00120562,4055440646154.0,7997548780447.0,3288904579950,-3942108134293.0,-1.1986082412743426
서연,007860,00163114,980989215700.0,1361628859005.0,302889987600,-380639643305.0,-1.2566927230611435
동양피스톤,092780,00117726,,249936511312.0,81249398200,,
화천기공,000850,00166519,141392824221.0,87210708117.0,77660000000,54182116104.0,0.6976836995106876
올릭스,226950,01113718,64984952951.0,36612571731.0,561144402000,28372381220.0,0.05056163996090261
쿠쿠홀딩스,192400,00132354,358973426379.0,186362746428.0,682793952000,172610679951.0,0.2528005402587397
무림P&P,009580,00119007,491841834453.0,859770157428.0,261635119180,-367928322975.0,-1.4062650462527253
진성티이씨,036890,00174208,206163565125.0,160071473069.0,230443247000,46092092056.0,0.20001493927917097
SDN,099220,00574611,60628312634.0,100424641132.0,99958543440,-39796328498.0,-0.39812833529219743
로보티즈,108490,00946030,48574744825.0,10793167878.0,212643900000,37781576947.0,0.1776753386624305
카페24,042000,00260879,109689479800.0,112623589319.0,597300606900,-2934109519.0,-0.004912282835653017
애경산업,018250,00139454,,124717163995.0,505750255250,,
노터스,278650,01189438,23188715980.0,19462277057.0,224964919200,3726438923.0,0.01656453342259596
휴네시온,290270,01251577,15379523472.0,4844049423.0,62257714560,10535474049.0,0.169223591380737
파워넷,037030,00231354,78706557560.0,63507401904.0,92346985620,15199155656.0,0.16458745842060546
현대글로비스,086280,00360595,6422444582372.0,6407451794653.0,6412500000000,14992787719.0,0.0023380565643664718
KPX케미칼,025000,00191472,402628607122.0,159506212241.0,268620000000,243122394881.0,0.9050792751135432
디케이티,290550,01137903,69333478510.0,34308517205.0,213191524700,35024961305.0,0.1642887134199477
파트론,091700,00490151,338305689295.0,259431867819.0,679662945500,78873821476.0,0.11604843547558089
모바일어플라이언스,087260,00556615,53862898138.0,34095945294.0,133745277520,19766952844.0,0.1477955200402802
신원,009270,00136864,299147394998.0,242093941644.0,247523225670,57053453354.0,0.2304973733255405
덕신하우징,090410,00454937,73903926823.0,68462585242.0,101845849950,5441341581.0,0.05342722932423227
액트로,290740,01141942,46143669894.0,17429371120.0,86458444490,28714298774.0,0.3321167636473169
신풍제약,019170,00137359,317618489747.0,99217385958.0,1759101668000,218401103789.0,0.12415490688341499
에스티아이,039440,00298340,121636128698.0,58278023767.0,296812500000,63358104931.0,0.21346171381259213
디오,039840,00115931,180149588720.0,161942274304.0,571029985800,18207314416.0,0.0318850408363266
KMH,122450,00657987,144524151955.0,330780179025.0,353167159560,-186256027070.0,-0.5273877313565921
그리티,204020,00671978,74156855997.0,24105615562.0,50972997900,50051240435.0,0.9819167499857803
모두투어,080160,00456218,89376027624.0,165812445142.0,391230000000,-76436417518.0,-0.19537463261508575
자비스,254120,01174038,13990809124.0,19972750265.0,50797276930,-5981941141.0,-0.1177610593033023
유니크,011320,00147152,94820348736.0,112447050710.0,126550552250,-17626701974.0,-0.1392858558149832
아이큐어,175250,00554352,69135539970.0,128201511202.0,192202434400,-59065971232.0,-0.3073112544926226
NICE평가정보,030190,00158325,194377946088.0,110930599768.0,1098938242000,83447346320.0,0.07593451854776749
제노레이,122310,00799539,63571116609.0,21075503990.0,134768595440,42495612619.0,0.3153228130059378
한세엠케이,069640,00357360,115932218732.0,85344047490.0,52605487150,30588171242.0,0.5814635107318838
매일홀딩스,005990,00120924,557408692280.0,469881479716.0,126208396800,87527212564.0,0.6935133856640512
세아베스틸,001430,00106669,1328247088632.0,1502539754826.0,740552757350,-174292666194.0,-0.23535482713978448
상신전자,263810,00760999,49064131915.0,26559440463.0,58688238160,22504691452.0,0.383461697906932
크리스탈신소재,900250,01107665,748942313.0,81293603.0,99981181700,667648710.0,0.00667774373784982
쎄니트,037760,00239596,68764052662.0,89477480951.0,69864981865,-20713428289.0,-0.2964779741734497
HSD엔진,082740,00361008,295594320676.0,526699636011.0,389187979180,-231105315335.0,-0.5938141147676955
중앙에너비스,000440,00149770,20833170945.0,9455215695.0,95586445500,11377955250.0,0.1190331452381499
하이즈항공,221840,00688358,64774180521.0,69751960290.0,78305538975,-4977779769.0,-0.0635686802512044
비에이치,090460,00447609,240849756702.0,214462606114.0,726916548000,26387150588.0,0.036300109910278176
레드캡투어,038390,00261355,54101300885.0,306003759133.0,174795918000,-251902458248.0,-1.4411232317679181
인콘,083640,00475976,52104410283.0,19271126940.0,76366494990,32833283343.0,0.42994356814856355
비에이치아이,083650,00409788,119411519648.0,283138924893.0,103090000000,-163727405245.0,-1.5881987122417305
하나투어,039130,00269940,176330997547.0,576844236789.0,1009196994000,-400513239242.0,-0.39686328994555053
인바디,041830,00269922,97790044064.0,20491560844.0,313358607800,77298483220.0,0.24667738908686843
진바이오텍,086060,00491053,40711440859.0,15525608351.0,46583275670,25185832508.0,0.5406625477868633
유니셈,036200,00260569,159309170342.0,56028801007.0,412433799350,103280369335.0,0.2504168414367856
셀트리온,068270,00413046,2682563115409.0,1584928830521.0,28555055496000,1097634284888.0,0.03843922786428333
하이트진로,000080,00150244,1461062893963.0,2808823523960.0,2093488288350,-1347760629997.0,-0.6437870407477888
현대일렉트릭,267260,01205851,1433075555291.0,1533539486501.0,744373337750,-100463931210.0,-0.1349644407115252
인트로메딕,150840,00661157,18915039422.0,9070651523.0,292107912800,9844387899.0,0.033701202424256956
태영건설,009410,00153861,2428472881797.0,3056801754569.0,400660709400,-628328872772.0,-1.5682318181708885
와이팜,332570,01015160,84575777462.0,20002716026.0,276331688640,64573061436.0,0.23367953836132285
대원화성,024890,00112022,74853906191.0,67042987239.0,182733743360,7810918952.0,0.04274480896837903
삼천리,004690,00128555,1628854481518.0,2783549923355.0,358869712500,-1154695441837.0,-3.217589564170869
포스코인터내셔널,047050,00124504,6015424472000.0,6377843869000.0,2677240733300,-362419397000.0,-0.13537049264646342
와이제이엠게임즈,193250,01035678,28497960949.0,17443853925.0,215582017430,11054107024.0,0.051275645138580704
켄코아에어로스페이스,274090,01158553,67766696973.0,77072358149.0,143765873600,-9305661176.0,-0.06472788668812429
아난티,025980,00161781,392751835302.0,817898323773.0,865093259450,-425146488471.0,-0.49144584566673793
케어랩스,263700,01187148,98796324945.0,59542329996.0,163225223040,39253994949.0,0.24048976143460626
동아타이어,282690,01262458,100783998292.0,26964348106.0,174409290500,73819650186.0,0.42325526337715363
알에스오토메이션,140670,00858124,50199822541.0,37696230944.0,117885663000,12503591597.0,0.1060654135439693
매커스,093520,00596677,145358894979.0,96417342678.0,127203534040,48941552301.0,0.3847499416612907
GS,078930,00500254,3821720000000.0,16134997000000.0,3832759342500,-12313277000000.0,-3.2126402676689843
JTC,950170,01041828,11554942816.0,23403280537.0,141772343850,-11848337721.0,-0.08357298327194158
LS,006260,00105952,7090363000000.0,7618151000000.0,1722700000000,-527788000000.0,-0.3063725547106287
파버나인,177830,00429694,51278176442.0,66736809361.0,64107148560,-15458632919.0,-0.24113742798171336
삼양옵틱스,225190,00992543,25719925112.0,16424784839.0,111318900000,9295140273.0,0.08350010890333986
HMM,011200,00164645,3274631000000.0,8602524000000.0,14084337484800,-5327893000000.0,-0.3782849570134152
엔비티,236810,01051065,32548208013.0,9450103483.0,207948968500,23098104530.0,0.1110758312321227
태림포장,011280,00153524,128436313731.0,245974217879.0,332079858600,-117537904148.0,-0.35394469463918277
LG디스플레이,034220,00105873,12163134000000.0,23158450000000.0,7979290110000,-10995316000000.0,-1.3779817312595493
레인보우로보틱스,277810,01261644,30284270236.0,2164931808.0,365462597100,28119338428.0,0.07694176818949772
민앤지,214180,01013311,239524731315.0,121743607760.0,263155122250,117781123555.0,0.4475729848918037
SBS,034120,00130772,690119472113.0,632393580670.0,843269288400,57725891443.0,0.06845487228940567
미투젠,950190,01416235,766779894.0,57201317.0,318448467400,709578577.0,0.0022282367467283343
테고사이언스,191420,00926522,27523773812.0,1435269787.0,169880072300,26088504025.0,0.15357012551141938
크라운해태홀딩스,005740,00153126,253299494674.0,626492205984.0,125905502560,-373192711310.0,-2.964069907366883
고바이오랩,348150,01399071,57189304520.0,2393968343.0,344122322850,54795336177.0,0.15923214664828594
지어소프트,051160,00389110,83381425779.0,88950677761.0,280560183750,-5569251982.0,-0.019850471679768424
TPC,048770,00108649,67319111428.0,72176528938.0,52593916320,-4857417510.0,-0.09235702244430236
에스에이티,060540,00379229,50656862498.0,48938765972.0,79445250240,1718096526.0,0.021626170486085942
글로벌텍스프리,204620,01042711,47337518521.0,23705162583.0,140117986625,23632355938.0,0.16866040190291665
테라셈,182690,00411905,,29537565822.0,30474933120,,
DB하이텍,000990,00160843,491797001015.0,367764613549.0,3099021442400,124032387466.0,0.04002308140531761
서진시스템,178320,00838005,404921721430.0,555292667569.0,794830578300,-150370946139.0,-0.18918616148439643
국제약품,002720,00104722,53691223193.0,74966480716.0,113150648300,-21275257523.0,-0.18802594454953733
한라,014790,00161116,714553044410.0,1173341958895.0,208600891510,-458788914485.0,-2.199362194303021
우리기술,032820,00231044,48513050150.0,71447987146.0,240285242400,-22934936996.0,-0.0954487956352329
유엔젤,072130,00416654,29587373126.0,11277440548.0,67824633560,18309932578.0,0.2699599189401061
무림페이퍼,009200,00136086,777448818879.0,1581872192961.0,102983042250,-804423374082.0,-7.811221697346973
대한전선,001440,00113207,825681633000.0,935220276000.0,1554498511335,-109538643000.0,-0.07046558243785545
동일금속,109860,00118284,37094593736.0,15456496322.0,130130000000,21638097414.0,0.16628062256205334
네오펙트,290660,01246034,20758340929.0,39461988145.0,58420405200,-18703647216.0,-0.3201560679349756
씨앤투스성진,352700,00875237,131533165323.0,31366655485.0,88024031270,100166509838.0,1.1379450406077727
RFHIC,218410,01078178,243943070654.0,121756055959.0,919342890000,122187014695.0,0.13290690124878216
넥스틴,348210,01080252,44174793184.0,6463618902.0,514134378000,37711174282.0,0.07334886733055614
알테오젠,196170,00989619,241227337787.0,22017908860.0,3178271600000,219209428927.0,0.06897127008497322
덕산테코피아,317330,01021666,67144349174.0,13886155845.0,481488613600,53258193329.0,0.11061153228691845
베셀,177350,00813389,19014456199.0,35283728581.0,42189360150,-16269272382.0,-0.3856250088684979
대웅제약,069620,00427483,593890786508.0,731973244364.0,1726399675000,-138082457856.0,-0.07998290306443669
디알젬,263690,00966168,54511669124.0,20808243028.0,142702686000,33703426096.0,0.23617933930129387
슈프리마아이디,317770,01231786,41422337975.0,3585683744.0,51460237000,37836654231.0,0.7352600072751316
케이피에스,256940,01037214,49565465004.0,26577412856.0,232626687050,22988052148.0,0.09881949676332288
한솔테크닉스,004710,00157399,420270934989.0,421824816598.0,247246060600,-1553881609.0,-0.006284757804549627
연우,115960,00372253,99829002063.0,74797873327.0,269656500000,25031128736.0,0.09282597948130307
금양,001570,00106119,144681273499.0,152567430276.0,233536729140,-7886156777.0,-0.033768378987069
사조대림,003960,00109718,500935268369.0,680089745166.0,239650812050,-179154476797.0,-0.7475646556942264
우진플라임,049800,00303217,123379851542.0,211366494651.0,87600000000,-87986643109.0,-1.0044137341210047
엔에이치엔,181710,00983271,1121602740980.0,718200757679.0,1841068852500,403401983301.0,0.2191129260338187
디앤씨미디어,263720,01186404,63224478478.0,12584062062.0,477501817900,50640416416.0,0.10605282434046205
엘엠에스,073110,00494218,117126143510.0,108939951055.0,80684497850,8186192455.0,0.1014592973016811
펌텍코리아,251970,00761059,157597882613.0,72313549092.0,218860000000,85284333521.0,0.38967528795120165
지역난방공사,071320,00159698,663092624413.0,4346095312103.0,451571016000,-3683002687690.0,-8.155976706197636
헝셩그룹,900270,01160512,1601498869.0,289555182.0,34880000000,1311943687.0,0.03761306442087156
엔피디,198080,00876643,133712483559.0,121896439489.0,70850758650,11816044070.0,0.16677371273285582
나이스디앤비,130580,00606293,62999859314.0,18312913267.0,146762000000,44686946047.0,0.30448580727299984
우신시스템,017370,00142883,175757744668.0,213930968245.0,76461175450,-38173223577.0,-0.4992497611021228
보라티알,250000,01124680,57853266389.0,29529220108.0,90459822200,28324046281.0,0.31311189423275254
한국큐빅,021650,00160010,75750889502.0,66225701688.0,66955555485,9525187814.0,0.14226135150404243
애니플러스,310200,01335578,25293361122.0,19888463087.0,143167524630,5404898035.0,0.03775226294488458
네오셈,253590,01170865,61370639952.0,41843206593.0,126973178370,19527433359.0,0.15379179768263368
KMH하이텍,052900,00276834,44198201352.0,43819634365.0,90090940270,378566987.0,0.004202053900929943
푸드나무,290720,01259311,56163166486.0,18149880837.0,221536406700,38013285649.0,0.17158933926592393
제이엔케이히터,126880,00442154,136750219678.0,94176831317.0,141317859270,42573388361.0,0.3012597882597405
이엠넷,123570,00616290,85939895557.0,46977573988.0,143235181540,38962321569.0,0.2720164218741144
엔케이맥스,182400,00977650,36948547327.0,84580376788.0,894682733600,-47631829461.0,-0.05323879367755354
대웅,003090,00111810,875860751388.0,782587081023.0,1854729162000,93273670365.0,0.050289644588550446
셀트리온제약,068760,00541349,257168631376.0,270144580388.0,4660228402500,-12975949012.0,-0.002784401941552692
제일파마홀딩스,002620,00148443,373483168084.0,382527284027.0,253177676750,-9044115943.0,-0.03572240672676131
한샘,009240,00161693,525988374656.0,,2423994584000,,
유틸렉스,263050,01110678,60286123453.0,46789797131.0,360671977200,13496326322.0,0.037419947140822675
캠시스,050110,00330044,213853666107.0,207222630092.0,131776050630,6631036015.0,0.050320494378895776
위닉스,044340,00293886,209874714262.0,217065313979.0,365511541250,-7190599717.0,-0.01967270224192955
예림당,036000,00259934,168418876496.0,656956969737.0,49178181395,-488538093241.0,-9.934041466825574
가비아,079940,00506294,127994883431.0,84887321056.0,186792439200,43107562375.0,0.23077787601908462
JW중외제약,001060,00149947,340580533021.0,329826368506.0,505111264700,10754164515.0,0.02129068438294918
대유에이피,290120,01182578,87382611031.0,122092757577.0,66657882170,-34710146546.0,-0.5207208122435912
로체시스템즈,071280,00363486,49347227970.0,47700506418.0,92544448150,1646721552.0,0.01779384484881171
백광산업,001340,00122472,46038030115.0,140796426622.0,235821636750,-94758396507.0,-0.40182231712459693
영림원소프트랩,060850,00532129,34113103292.0,19060931308.0,87814800000,15052171984.0,0.1714081451418212
팅크웨어,084730,00438036,137363211657.0,71003384766.0,213205196900,66359826891.0,0.3112486367868644
일신방직,003200,00146269,460573210093.0,250764446628.0,250800000000,209808763465.0,0.8365580680422647
슈피겐코리아,192440,00917861,224412677251.0,62956177097.0,265438700100,161456500154.0,0.6082628497395961
대한과학,131220,00608316,29460580944.0,11237812225.0,69326757000,18222768719.0,0.26285332687637475
씨에스윈드,112610,00670340,1005603752060.0,420161069396.0,2732706914400,585442682664.0,0.21423544529382554
디티앤씨,187220,00675594,43065626475.0,108041164979.0,76952044620,-64975538504.0,-0.8443640298949603
엠케이전자,033160,00121686,268165023485.0,1083698088726.0,403442246500,-815533065241.0,-2.0214369524164346
태경비케이,014580,00122481,107526172831.0,93997173189.0,142328796000,13528999642.0,0.09505454990288824
한국기업평가,034950,00156956,115033034216.0,52246319141.0,362333017200,62786715075.0,0.173284553420488
일진홀딩스,015860,00146649,547299121273.0,692961999160.0,265489458540,-145662877887.0,-0.5486578589147776
키이스트,054780,00353762,39488473021.0,24987809748.0,219348775800,14500663273.0,0.06610779212290457
에코캡,128540,00870481,59877175793.0,59858981382.0,161602680000,18194411.0,0.00011258730981441644
엘컴텍,037950,00242712,12395244747.0,10252815880.0,105981636345,2142428867.0,0.020215095188998517
디지털대성,068930,00398808,49848458965.0,76401717664.0,286722413960,-26553258699.0,-0.09260963707812667
한국콜마홀딩스,024720,00203290,407084684253.0,426051403915.0,358530676700,-18966719662.0,-0.05290124637750419
메타바이오메드,059210,00317681,53392601108.0,57662728114.0,66337335780,-4270127006.0,-0.06436988998414672
태웅로직스,124560,00562245,138148698330.0,102437456382.0,181692165600,35711241948.0,0.1965480560489285
성보화학,003080,00132725,93621528744.0,31754400397.0,79779700000,61867128347.0,0.7754745674275536
엘아이에스,138690,00670085,54418434690.0,165313599394.0,86479184550,-110895164704.0,-1.2823336075733152
아비코전자,036010,00138598,97099247267.0,33274784447.0,132929340000,63824462820.0,0.4801382660893374
이노테라피,246960,01110182,2929948577.0,7770833751.0,62800090800,-4840885174.0,-0.07708404736892514
넷마블,251270,00904672,1848700432824.0,2734769184425.0,10142513236000,-886068751601.0,-0.08736185312097729
푸드웰,005670,00165103,71844102909.0,55793997577.0,69800000000,16050105332.0,0.22994420246418337
한국카본,017960,00159795,251708736048.0,107441799997.0,481370289150,144266936051.0,0.29970054094062487
바이넥스,053030,00216027,108145572548.0,89357777424.0,492296244000,18787795124.0,0.038163596316205084
동방,004140,00115287,146816955498.0,421813057195.0,179872947000,-274996101697.0,-1.5288352488993244
위지윅스튜디오,299900,01276327,78617558284.0,78137416238.0,1589638621200,480142046.0,0.0003020447789809902
나스미디어,089600,00486097,360479019200.0,221339471425.0,344336023500,139139547775.0,0.4040807184816665
서희건설,035890,00219848,851186793647.0,717846420329.0,384929165475,133340373318.0,0.34640236510387273
엘앤씨바이오,290650,01181515,43760045953.0,21403249392.0,859757368900,22356796561.0,0.026003611448662513
원림,005820,00143794,100204387318.0,44161515448.0,43201836000,56042871870.0,1.2972335682677931
모나미,005360,00121288,87327906769.0,118462131442.0,84187502685,-31134224673.0,-0.3698200288645372
세경하이테크,148150,00913689,74851974698.0,76702348723.0,315229516750,-1850374025.0,-0.005869926281260906
일성건설,013360,00146232,177064969025.0,262493262885.0,315505299200,-85428293860.0,-0.2707665895837987
팜스코,036580,00260408,513123152304.0,713074852326.0,218531260850,-199951700022.0,-0.9149798488521373
에코마케팅,230360,01029394,175677254486.0,47357790766.0,558098144450,128319463720.0,0.22992275641134324
디지틀조선,033130,00231442,53116559999.0,7032486024.0,111716953670,46084073975.0,0.41250743473660634
유니테크노,241690,00531865,60209417853.0,54387527673.0,220602003300,5821890180.0,0.026390921627682244
포스코강판,058430,00155258,316304619747.0,256076619065.0,337800000000,60228000682.0,0.1782948510420367
미창석유공업,003650,00122056,239239029597.0,51998266016.0,138651858400,187240763581.0,1.3504381819450608
범양건영,002410,00122694,,94468831336.0,149240211820,,
덱스터,206560,01021949,43193765287.0,13425107843.0,755207796000,29768657444.0,0.03941783652349903
JW생명과학,234080,00225706,56577123974.0,89153348228.0,237518310000,-32576224254.0,-0.13715247575650064
보광산업,225530,00568461,60691066960.0,62183240852.0,234384789150,-1492173892.0,-0.006366342702576354
이엔에프테크놀로지,102710,00530185,168490263218.0,154175075635.0,427206296400,14315187583.0,0.033508840350977565
인텔리안테크,189300,00664181,87603718179.0,93787567491.0,777856764300,-6183849312.0,-0.007949856060665486
원익IPS,240810,01135941,786694245595.0,568509653706.0,1992806380600,218184591889.0,0.10948609659876156
대림비앤코,005750,00109754,127370888781.0,173726510930.0,126542301600,-46355622149.0,-0.36632510680523295
서원,021050,00131197,106830729596.0,136370996131.0,91625958700,-29540266535.0,-0.32240062700702743
미래컴퍼니,049950,00447760,80985022996.0,40862448915.0,261740177800,40122574081.0,0.153291613149504
랩지노믹스,084650,00545114,98063415119.0,34707310396.0,331480308150,63356104723.0,0.19113082486435476
티웨이항공,091810,00671376,94266358617.0,612867842260.0,330990837000,-518601483643.0,-1.5668152277067415
쎌바이오텍,049960,00357430,64976786832.0,5082995603.0,178130000000,59893791229.0,0.33623640728119913
호전실업,111110,00226316,191029428846.0,190949970774.0,99009487500,79458072.0,0.0008025298787654062
옵트론텍,082210,00327396,87198964710.0,187948203978.0,213359973750,-100749239268.0,-0.47220309178539166
한신기계공업,011700,00162072,62923681437.0,11559971762.0,120537450965,51363709675.0,0.4261224147664636
진로발효,018120,00170877,60393531211.0,20695841178.0,210551616000,39697690033.0,0.18854136950912787
한신공영,004960,00162063,1163112527595.0,1241107284233.0,182238556500,-77994756638.0,-0.4279816419529201
석경에이티,357550,00921916,15842963766.0,5847717489.0,102826750000,9995246277.0,0.0972047281179265
현우산업,092300,00367455,83486031507.0,108378771529.0,82961784600,-24892740022.0,-0.3000506816725348
이노메트리,302430,01258710,42446273512.0,10568116715.0,151923063600,31878156797.0,0.2098309239006157
제이티,089790,00365457,42488831164.0,27609109456.0,102226733830,14879721708.0,0.14555607080966249
미투온,201490,00965813,125983574096.0,48635599797.0,221305011600,77347974299.0,0.3495084622792157
스튜디오드래곤,253450,01168684,248300839541.0,147299235741.0,2668261046500,101001603800.0,0.03785296942084636
슈프리마,236200,01124653,79463344435.0,8007316357.0,175515861200,71456028078.0,0.4071200607708952
해태제과식품,101530,00428321,148457600809.0,381700350823.0,232934576000,-233242750014.0,-1.001323006739884
비나텍,126340,00563518,44157673592.0,45540619695.0,246102454950,-1382946103.0,-0.005619391741870147
알티캐스트,085810,00364254,43160793857.0,17946504667.0,66792980250,25214289190.0,0.37749908891061945
신풍제지,002870,00137368,60160291321.0,5739503781.0,79880629500,54420787540.0,0.681276398053423
DMS,068790,00361594,221809358220.0,140028658193.0,162919394430,81780700027.0,0.5019703167515635
사조동아원,008040,00137252,167327526779.0,260177790457.0,155964783000,-92850263678.0,-0.5953283933206895
제일약품,271980,01236897,308653381199.0,258791620227.0,475702609200,49861760972.0,0.1048170853127202
보해양조,000890,00123541,50094279820.0,65999611646.0,126697291722,-15905331826.0,-0.12553805696888595
후성,093370,00595191,134629695531.0,301888320624.0,1879918425700,-167258625093.0,-0.08897121428591784
에이플러스에셋,244920,00684802,108334730747.0,146705640106.0,204599621650,-38370909359.0,-0.1875414482664074
우리이앤엘,153490,00815095,82341895855.0,48803893326.0,85714200000,33538002529.0,0.3912770874487541
듀오백,073190,00407771,15157952699.0,6154643800.0,33630192400,9003308899.0,0.26771505770511145
효성중공업,298040,01316245,1192164962294.0,2645996554492.0,563202699200,-1453831592198.0,-2.581364745344956
SIMPAC,009160,00138260,421685298013.0,336611903799.0,445575003960,85073394214.0,0.1909294584703346
경농,002100,00101433,253721560990.0,205583140034.0,226461870000,48138420956.0,0.2125674443825797
남선알미늄,008350,00107224,119007835890.0,113564349794.0,269387875050,5443486096.0,0.020206871207509455
아이에스동서,010780,00115977,2401444000245.0,2432323666745.0,1337649839800,-30879666500.0,-0.02308501491288408
삼영전자공업,005680,00127200,354068633571.0,33083772149.0,224000000000,320984861422.0,1.4329681313482143
SH에너지화학,002360,00136457,74688428793.0,27546241149.0,102020764140,47142187644.0,0.46208424374579476
CJ ENM,035760,00265324,1583547825186.0,2379500934232.0,3087624883200,-795953109046.0,-0.25778815081353984
SK가스,018670,00144164,2271258230772.0,2902034857526.0,1135320012000,-630776626754.0,-0.5555936829148397
한솔로지스틱스,009180,00140946,130774211543.0,143888102834.0,113619152375,-13113891291.0,-0.11541972472842961
삼양통상,002170,00127042,331421667420.0,52034088899.0,174900000000,279387578521.0,1.597413256266438
모베이스,101330,00498001,458375137157.0,652658599376.0,101343135240,-194283462219.0,-1.9170855703141556
뉴프렉스,085670,00493510,41818094723.0,91125807778.0,157363394500,-49307713055.0,-0.31333661307744604
야스,255440,00875307,94630387910.0,35793606786.0,191299700000,58836781124.0,0.3075633737219661
드림시큐리티,203650,01038693,90932351209.0,179590682777.0,212544166800,-88658331568.0,-0.4171289803094234
디딤,217620,01068658,17525209589.0,80039895969.0,46978600955,-62514686380.0,-1.330705578905633
이상네트웍스,080010,00454399,51631042913.0,42636761663.0,64006500000,8994281250.0,0.14052137282932203
유티아이,179900,00961774,40201058956.0,31603503661.0,227706874750,8597555295.0,0.037757117805245356
오리온홀딩스,001800,00117577,940973433140.0,979592311756.0,1027384920800,-38618878616.0,-0.03758949331855913
CS,065770,00303703,20853427480.0,4850106460.0,63086172500,16003321020.0,0.2536739888602372
삼진엘앤디,054090,00239514,103242368679.0,85599513714.0,85485369600,17642854965.0,0.2063844965232507
더존비즈온,012510,00172291,143467373042.0,413828050431.0,2281747078400,-270360677389.0,-0.11848845121720569
유니온커뮤니티,203450,00408266,40977183337.0,23658477297.0,55780226600,17318706040.0,0.3104810986909831
에스에프에이,056190,00358271,1071582489717.0,531971346221.0,1314260616000,539611143496.0,0.41058153681750437
에스퓨얼셀,288620,01257872,100680676969.0,51627995373.0,198667732400,49052681596.0,0.2469081465994525
솔브레인,357780,01489648,384938123957.0,193223654988.0,2146106359400,191714468969.0,0.08933129904269925
두산중공업,034020,00159616,11522667950595.0,19905627865614.0,11297497096200,-8382959915019.0,-0.7420192139583441
광진윈텍,090150,00365624,48659795693.0,61843725587.0,203093198100,-13183929894.0,-0.06491566442076722
유니테스트,086390,00540447,122700110076.0,39631241228.0,612889654000,83068868848.0,0.13553641884122913
제노포커스,187420,00983916,43106997737.0,68007016324.0,183591921600,-24900018587.0,-0.13562698385635286
지누스,013890,00150633,591109218544.0,467374281804.0,1230855055000,123734936740.0,0.10052762608997856
링네트,042500,00352499,99770260444.0,53279546852.0,101969669920,46490713592.0,0.45592688128219055
이엘피,063760,00374020,49321016707.0,9092189898.0,75626804300,40228826809.0,0.5319387376123732
세종텔레콤,036630,00268002,281751117056.0,132098490862.0,373692000000,149652626194.0,0.4004705109930103
황금에스티,032560,00218575,233491912426.0,142268865891.0,134720000000,91223046535.0,0.6771306898381829
모헨즈,006920,00163318,24423828045.0,23506145948.0,60606000000,917682097.0,0.015141769742269742
아이에이치큐,003560,00154426,104333142557.0,26989776186.0,213504192080,77343366371.0,0.362256898178465
프레스티지바이오파마,950210,01510489,388167928.0,38639715.0,1346153872000,349528213.0,0.000259649524671872
유진테크,084370,00531014,200121364903.0,62979993939.0,1083928786600,137141370964.0,0.12652249175351868
삼성에스디에스,018260,00126186,6956072485177.0,2668631848909.0,12380448000000,4287440636268.0,0.34630739019040346
계양전기,012200,00102618,166162823390.0,99047031724.0,130726000000,67115791666.0,0.5134081335465018
남광토건,001260,00107066,172762826340.0,179356419839.0,115981031800,-6593593499.0,-0.056850619421718235
제이앤티씨,204270,00447575,242212511533.0,181410149924.0,428078648400,60802361609.0,0.14203549239434574
인포뱅크,039290,00243757,31341300026.0,18913215365.0,172140764400,12428084661.0,0.0721972201315495
호텔신라,008770,00165680,,2230670628979.0,3014255692800,,
진양산업,003780,00150439,33940022034.0,29632194139.0,107770000000,4307827895.0,0.039972421777860256
대원강업,000430,00111847,352850789269.0,463331133966.0,229090000000,-110480344697.0,-0.48225738660351825
신대양제지,016590,00135777,283613570753.0,200866513692.0,330442124000,82747057061.0,0.2504131617947111
누리플랜,069140,00410997,54551295909.0,83842608109.0,48156597540,-29291312200.0,-0.6082512821980405
플랜티넷,075130,00490179,29252051276.0,10815714906.0,74995200000,18436336370.0,0.24583355161396997
에이테크솔루션,071670,00384887,106647868809.0,114171197748.0,160500000000,-7523328939.0,-0.046874323607476634
아남전자,008700,00138516,,111906970.0,178929582400,,
룽투코리아,060240,00373571,54116948995.0,6088727828.0,187922408760,48028221167.0,0.25557474217105175
락앤락,115390,00561866,420798035225.0,105344362152.0,587674719600,315453673073.0,0.5367827857010986
이라이콤,041520,00137289,181432469535.0,53019100160.0,106163838300,128413369375.0,1.209577304582063
한미글로벌,053690,00413523,138479579153.0,97115901459.0,132586355000,41363677694.0,0.31197537404207243
동아지질,028100,00178754,245744037391.0,141961559154.0,198375000000,103782478237.0,0.5231630913018274
코아스템,166480,00989664,98156925920.0,64178906600.0,273719015250,33978019320.0,0.1241346688645885
풍산홀딩스,005810,00155531,246024721254.0,268192197171.0,306560599600,-22167475917.0,-0.072310257567098
나무가,190510,00819374,105793244990.0,148470807244.0,173838577000,-42677562254.0,-0.2455011021748067
에이치엔티,176440,00872452,6898287592.0,4207630931.0,164619542400,2690656661.0,0.01634469773012806
한올바이오파마,009420,00162586,131328054241.0,40144365981.0,1102277461800,91183688260.0,0.08272299073510822
비츠로테크,042370,00103644,223721651109.0,138822372977.0,230298219750,84899278132.0,0.3686493027352201
코오롱,002020,00152862,1393919385251.0,2866771773718.0,400889025500,-1472852388467.0,-3.673965348964136
교촌에프앤비,339770,00453284,78645321933.0,79486671891.0,427201434000,-841349958.0,-0.0019694455379566916
일동제약,249420,01168383,309856434516.0,449483321675.0,885482202000,-139626887159.0,-0.1576845777855623
명신산업,009900,00173078,348582588046.0,337515949923.0,1498022297150,11066638123.0,0.007387498933797162
도화엔지니어링,002150,00114552,189857370708.0,201673597810.0,258295200000,-11816227102.0,-0.045746986788759526
이엠텍,091120,00541163,130415449377.0,102291474628.0,399581590400,28123974749.0,0.07038355976521986
소프트캠프,258790,01182408,9924593820.0,4267791619.0,86469842640,5656802201.0,0.0654193650444233
삼일제약,000520,00128032,69968282520.0,131256522703.0,113307058710,-61288240183.0,-0.5409039902788595
유한양행,000100,00145109,1280405653130.0,650624662995.0,4590226110400,629780990135.0,0.13720042869089075
우진아이엔에스,010400,00143262,75286194307.0,20500075399.0,53354000000,54786118908.0,1.0268418283165273
한국공항,005430,00156691,196604420719.0,153579375702.0,130295508250,43025045017.0,0.33021126817700563
LF,093050,00593032,1284896098940.0,1005250757168.0,505852000000,279645341772.0,0.5528204727311545
한송네오텍,226440,01101722,32633996394.0,22271091082.0,85667594760,10362905312.0,0.12096645576465581
비즈니스온,138580,01014657,31437581000.0,9785519405.0,315786282000,21652061595.0,0.06856555470956145
삼아알미늄,006110,00126779,89477660672.0,106390270616.0,298100000000,-16912609944.0,-0.05673468615900704
잇츠한불,226320,00911955,368325366074.0,42939112094.0,385955944000,325386253980.0,0.8430657929704019
경동나비엔,009450,00101488,381846983525.0,387779711753.0,782333390400,-5932728228.0,-0.007583375963240747
THE E&M,089230,00519252,61517529186.0,34388754059.0,109620520712,27128775127.0,0.24747898432515156
테이팩스,055490,00256955,68285055002.0,51064222144.0,360900225000,17220832858.0,0.04771632618959991
네오리진,094860,00599106,7808174204.0,3224482942.0,129252153835,4583691262.0,0.035463171219966075
뷰웍스,100120,00609324,137182863728.0,42078663241.0,382571336250,95104200487.0,0.24859207022465474
쿠콘,294570,01311055,78588057466.0,80385278404.0,596895546900,-1797220938.0,-0.003010947136955429
용평리조트,070960,00365989,182156341429.0,550200236382.0,226707998430,-368043894953.0,-1.6234270405181135
동원F&B,049770,00340917,755493836090.0,981408553471.0,746740494000,-225914717381.0,-0.30253444027236587
광전자,017900,00152729,125318734013.0,45257361005.0,174990164260,80061373008.0,0.4575192745635977
시스웍,269620,01188378,33038616852.0,38523177707.0,117732057765,-5484560855.0,-0.04658510994471447
세틀뱅크,234340,00763701,170620926350.0,87876626123.0,302968650000,82744300227.0,0.27311175670155974
수산중공업,017550,00135111,153421513952.0,138556105548.0,150078753140,14865408404.0,0.0990507189924006
일진머티리얼즈,020150,00113997,521107000000.0,242149000000.0,5510244782500,278958000000.0,0.050625337169401874
제일연마,001560,00148461,53979337762.0,14216219416.0,92400000000,39763118346.0,0.43033677863636366
코윈테크,282880,01211232,82295080790.0,47842015142.0,267196353600,34453065648.0,0.12894287359765827
SK디스커버리,006120,00131832,2654231618048.0,3291906454313.0,926191645750,-637674836265.0,-0.6884912417328398
가온전선,000500,00104768,375930808222.0,368419249000.0,101720484150,7511559222.0,0.07384509899621826
이크레더블,092130,00634728,64239545142.0,20833717907.0,239065460000,43405827235.0,0.18156461094379756
KEC,092220,00589127,,191582633288.0,472638356400,,
에어부산,298690,00651901,80156156546.0,942763215104.0,410140800000,-862607058558.0,-2.103197386258573
에스와이,109610,00535481,158810309389.0,178412444890.0,174359175210,-19602135501.0,-0.11242388292667126
NHN벅스,104200,00645089,43074897459.0,24302624867.0,292102735000,18772272592.0,0.06426599392162487
포스코,005490,00155319,39442198344637.0,33607143443625.0,25458555820000,5835054901012.0,0.2291981894914886
웅진씽크빅,095720,00628189,451931762088.0,291495594689.0,373661861475,160436167399.0,0.4293619016018686
네오이뮨텍,950220,01511558,166464765.0,14280972.0,1059756607500,152183793.0,0.00014360258942759175
TS트릴리온,317240,01353024,19652541977.0,21225486919.0,72011610195,-1572944942.0,-0.02184293529530346
대한항공,003490,00113526,5397783655944.0,20181005027465.0,10156368090000,-14783221371521.0,-1.4555617953701991
현대무벡스,319400,01358463,117029820586.0,66265038648.0,316883506860,50764781938.0,0.1602001392910235
케이씨티시,009070,00103042,132042500176.0,245367649173.0,192000000000,-113325148997.0,-0.5902351510260416
프리시젼바이오,335810,01137295,24158886175.0,5568452598.0,134911014000,18590433577.0,0.13779774553469742
SK머티리얼즈,036490,00110051,459561477115.0,1570333061349.0,4249657451700,-1110771584234.0,-0.26137908686961475
와이더플래닛,321820,01116502,18442681168.0,8961346895.0,129327787500,9481334273.0,0.0733124292642832
드림텍,192650,00415646,303087824507.0,326916360355.0,669768527750,-23828535848.0,-0.03557727014741773
율촌화학,008730,00145260,212749858404.0,271338520542.0,662160000000,-58588662138.0,-0.08848112561616528
삼표시멘트,038500,00239639,191959041603.0,725158078613.0,518537850330,-533199037010.0,-1.0282740916032833
대창단조,015230,00112679,176048286696.0,59583344163.0,108717335150,116464942533.0,1.0712637719854927
원익큐브,014190,00128175,108105422188.0,56754157976.0,117173688860,51351264212.0,0.43824910448415494
계룡건설산업,013580,00102432,1570723992787.0,1673950044395.0,304097383350,-103226051608.0,-0.3394506406824036
바이브컴퍼니,301300,00403793,17490062215.0,20547706045.0,256762492000,-3057643830.0,-0.011908452072509096
수젠텍,253840,01063954,55373351772.0,8206624480.0,227268115200,47166727292.0,0.20753781167451685
삼성SDI,006400,00126362,5770462156755.0,8280533730939.0,46759880400000,-2510071574184.0,-0.053680025541382695
이노인스트루먼트,215790,01065679,59774674882.0,34063838605.0,76336567355,25710836277.0,0.3368089130525458
코데즈컴바인,047770,00329093,20023601085.0,26911546086.0,95741783060,-6887945001.0,-0.07194293631113412
현대에버다임,041440,00228536,187016125538.0,81144065015.0,92087952160,105872060523.0,1.149684166491731
자안바이오,221610,00493431,28538904121.0,79188318694.0,19931117015,-50649414573.0,-2.541223080215808
DRB동일,004840,00118266,375542609260.0,322925253817.0,103038100000,52617355443.0,0.5106592167654489
DL이앤씨,375500,01524093,5450294857537.0,4163956253889.0,2419842250000,1286338603648.0,0.5315795290573176
미코바이오메드,214610,01049167,58346800367.0,13990637757.0,167964321060,44356162610.0,0.26408086151912674
알체라,347860,01405451,24253767945.0,3355909200.0,443165140900,20897858745.0,0.04715591732364074
클리노믹스,352770,01201970,31313800790.0,3372979835.0,160294677900,27940820955.0,0.17430909947260326
기아,000270,00106641,29288098000000.0,33143952000000.0,34293739156200,-3855854000000.0,-0.11243609168535057
동원수산,030720,00118044,73628143462.0,57654539418.0,42815006000,15973604044.0,0.3730842416324781
RF머트리얼즈,327260,01343665,39169683525.0,29559268736.0,58949387850,9610414789.0,0.1630282372643841
금호건설,002990,00106313,881175099433.0,1079129918467.0,452428961400,-197954819034.0,-0.437537903014535
LS전선아시아,229640,01093007,382766743752.0,345392156912.0,244999032000,37374586840.0,0.15254993676872977
진양홀딩스,100250,00646732,151215598098.0,184014728312.0,213799491900,-32799130214.0,-0.15341070234788523
삼화전기,009470,00129271,84356501958.0,73036696721.0,191800780000,11319805237.0,0.05901855684319949
티엘비,356860,00920379,64896765414.0,41324771608.0,184115996750,23571993806.0,0.12802795097705164
고려아연,010130,00102858,4540441458842.0,1383235784342.0,9887880000000,3157205674500.0,0.3193005653891431
현대위아,011210,00106623,4108995000000.0,4190818000000.0,2104899424200,-81823000000.0,-0.038872641162462244
현대모비스,012330,00164788,23490365000000.0,15693422000000.0,23264981124000,7796943000000.0,0.33513644212488636
GS글로벌,001250,00138190,639358756817.0,731902945852.0,193954345400,-92544189035.0,-0.4771441900110169
엘에스일렉트릭,010120,00105855,1659839091268.0,1156024684076.0,1629000000000,503814407192.0,0.3092783346789441
신신제약,002800,00136448,41340418701.0,64600754589.0,99366775000,-23260335888.0,-0.23408564772279267
디피씨,026890,00117498,145633128580.0,65728916373.0,625172625000,79904212207.0,0.12781143801202108
희림,037440,00236863,125349393675.0,108805390993.0,109291428750,16544002682.0,0.15137511579104504
에넥스,011090,00139764,73202294911.0,68149568330.0,155978266600,5052726581.0,0.03239378594940739
파워로직스,047310,00269612,198433699386.0,181110568967.0,257468945360,17323130419.0,0.06728240718420753
자화전자,033240,00146861,218413886067.0,87426651534.0,408120000000,130987234533.0,0.32095274559688325
경방,000050,00101628,105848583151.0,531290231166.0,374218435500,-425441648015.0,-1.1368805159119426
한솔홈데코,025750,00203582,82468899545.0,142145101632.0,133335321595,-59676202087.0,-0.447564841582366
넥스트BT,065170,00384717,48874886242.0,70108210124.0,116551432290,-21233323882.0,-0.18217986227031377
강스템바이오텍,217730,01025644,37791131726.0,32907590056.0,128419876125,4883541670.0,0.038027926963942166
포인트엔지니어링,256630,01179608,51590113377.0,26790480793.0,183658476820,24799632584.0,0.13503124393384588
현대코퍼레이션홀딩스,227840,01108099,85483321922.0,42069005533.0,111940282800,43414316389.0,0.3878346141626864
티에이치엔,019180,00118965,156119290718.0,227597876395.0,76140000000,-71478585677.0,-0.9387783776858418
더블유게임즈,192080,01010110,277623070727.0,110577773695.0,1041834263400,167045297032.0,0.16033768796089684
인포바인,115310,00491415,73061741448.0,4423907964.0,76629192000,68637833484.0,0.895713913882845
링크제니시스,219420,01109955,40644745492.0,7864502474.0,93361786980,32780243018.0,0.3511098499541595
한국전자홀딩스,006200,00159254,201723825991.0,204798378479.0,99924695360,-3074552488.0,-0.030768695135104187
파멥신,208340,00972293,94588580740.0,97663300957.0,203375985120,-3074720217.0,-0.015118403557754331
에스트래픽,234300,01014055,51551939010.0,63989110183.0,113710833600,-12437171173.0,-0.10937542870145664
네오팜,092730,00551920,121876317571.0,22581022273.0,201490712550,99295295298.0,0.4928033359024418
이루온,065440,00390514,43883261687.0,21045657224.0,66687423900,22837604463.0,0.3424574399101957
이오플로우,294090,01274310,55770944423.0,34688976295.0,622477836000,21081968128.0,0.03386782132432423
이랜시스,264850,01199189,30692271498.0,24264247752.0,87693026600,6428023746.0,0.07330142424346431
인탑스,049070,00226866,517124969522.0,210787591202.0,482460000000,306337378320.0,0.6349487591095635
티움바이오,321550,01335930,66041567515.0,2248835345.0,459763171800,63792732170.0,0.13875128779942875
상신이디피,091580,00480783,84026345241.0,87443002097.0,204164608500,-3416656856.0,-0.016734814525897618
환인제약,016580,00166573,221096002209.0,33856657287.0,328291235500,187239344922.0,0.570345244328035
유니켐,011330,00137207,90277720462.0,179089979895.0,91950904430,-88812259433.0,-0.9658660780287444
광명전기,017040,00103662,86969780914.0,52113361086.0,108127349425,34856419828.0,0.3223645082706604
SBS미디어홀딩스,101060,00650629,213809483442.0,55924607299.0,271398608600,157884876143.0,0.5817453411328948
지노믹트리,228760,01108248,,23855059734.0,256126651200,,
한독,002390,00161046,336479862055.0,450182360692.0,315873082350,-113702498637.0,-0.3599626083713366
샘표,007540,00130091,189513179930.0,96601241600.0,119489490000,92911938330.0,0.7775741475672882
노바텍,285490,01259232,99005994847.0,14722888757.0,400749324000,84283106090.0,0.21031378231345438
미원상사,002840,00121932,153731530019.0,67201637709.0,994000000000,86529892310.0,0.08705220554325956
인터로조,119610,00604426,105792591536.0,62584791326.0,357893257200,43207800210.0,0.12072817618314156
천보,278280,00897752,143410330390.0,42688994296.0,3253000000000,100721336094.0,0.03096259947556102
샘표식품,248170,01167056,148781125117.0,80043719294.0,208999084500,68737405823.0,0.3288885498586957
휴마시스,205470,01042979,51991833482.0,19042220975.0,604050334750,32949612507.0,0.05454779281040702
한창,005110,00163716,82796336119.0,86457142934.0,76140906660,-3660806815.0,-0.048079369889131814
에스제이엠홀딩스,025530,00181943,176648594641.0,58416459820.0,54509129200,118232134821.0,2.1690336381488184
엔에스,217820,01020843,84247163221.0,62578182064.0,107879030690,21668981157.0,0.20086369907482526
네온테크,306620,01325429,31036536934.0,38012064476.0,160488482160,-6975527542.0,-0.043464349890515536
파커스,065690,00384762,59333925069.0,38500564700.0,42147993000,20833360369.0,0.49429068589339475
오스템임플란트,048260,00341916,539551177632.0,803273523415.0,1994286093200,-263722345783.0,-0.13223897347638586
에스제이그룹,306040,01222432,86475920677.0,42782535832.0,219514673000,43693384845.0,0.1990453952251292
미원에스씨,268280,01234297,232436947447.0,74043156514.0,1042950000000,158393790933.0,0.1518709343046167
엔바이오니아,317870,00964595,,10203535532.0,83745299500,,
라파스,214260,01058101,27605474873.0,15622476499.0,407805039200,11982998374.0,0.029384135118848232
에이텍티앤,224110,01099861,45438214223.0,20295725371.0,112407000000,25142488852.0,0.22367369338208476
영원무역,111770,00776820,1690679889127.0,1041720089950.0,1982938193000,648959799177.0,0.3272718239367736
디케이앤디,263020,00892526,35271159629.0,12818275239.0,32799528450,22452884390.0,0.6845489996670974
레이크머티리얼즈,281740,01255652,39933802828.0,59678089333.0,304332437240,-19744286505.0,-0.0648773646478881
대원제약,003220,00111999,130643270714.0,144277130431.0,405394119300,-13633859717.0,-0.03363112356080001
티앤엘,340570,00608440,47900341958.0,9963211040.0,346252800000,37937130918.0,0.10956483505115337
웰크론,065950,00362159,150044530233.0,133825368575.0,124500041820,16219161658.0,0.13027434706768518
수산아이앤티,050960,00577016,28269683204.0,13075323369.0,97889500000,15194359835.0,0.15521950602465023
인선이엔티,060150,00375931,134158671819.0,163084940252.0,505215190200,-28926268433.0,-0.0572553418703601
휴비츠,065510,00398668,61578119947.0,69293717487.0,106470524160,-7715597540.0,-0.07246698183250495
케이엔더블유,105330,00606664,88030935600.0,118911587395.0,178390115400,-30880651795.0,-0.17310741531702603
미래생명자원,218150,01071944,40654257886.0,23560825079.0,77393069060,17093432807.0,0.2208651629223812
씨에스베어링,297090,00765462,64338518092.0,76531026322.0,175800340000,-12192508230.0,-0.06935429265950226
휴스틸,005010,00156488,282254001339.0,208767627421.0,112469775250,73486373918.0,0.6533877546625577
태평양물산,007980,00154329,383529473938.0,546327551288.0,108095822815,-162798077350.0,-1.506053361827125
아미노로직스,074430,00466428,33890287437.0,5038070639.0,197610399000,28852216798.0,0.14600555914064017
대창,012800,00112651,410255349748.0,451392055181.0,166331410675,-41136705433.0,-0.2473177210850346
삼화네트웍스,046390,00301112,33437130215.0,9641270574.0,118725565750,23795859641.0,0.20042742681982123
비아트론,141000,00610083,125273320847.0,37065664505.0,120904805800,88207656342.0,0.729562863596279
동양,001520,00117337,341855168069.0,215709467160.0,365186616390,126145700909.0,0.3454280503376473
우리손에프앤지,073560,00413417,180965513553.0,201502132986.0,148860932450,-20536619433.0,-0.13795842263649613
쿠쿠홈시스,284740,01267684,309213329115.0,198614207172.0,857106006000,110599121943.0,0.1290378566580713
현대그린푸드,005440,00105280,1016143607000.0,921406131000.0,818763559160,94737476000.0,0.11570797813375415
유진기업,023410,00184667,376639295620.0,3889627115962.0,381529108905,-3512987820342.0,-9.207653461683122
바이오니아,064550,00326731,129860223638.0,61815272615.0,1484091732500,68044951023.0,0.04584955871182983
동성화인텍,033500,00231105,135839833329.0,137978923314.0,339359248800,-2139089985.0,-0.00630332013217257
힘스,238490,00556712,50156678028.0,16797964698.0,108031853800,33358713330.0,0.30878590116353255
뉴트리,270870,01214248,68501629381.0,34236367096.0,205958862400,34265262285.0,0.1663694481786961
하이골드3호,153360,00905316,6651406768.0,6452387703.0,42473947700,199019065.0,0.004685673825416515
오리온,271560,01238169,799880205191.0,724425118898.0,4348974520000,75455086293.0,0.017350087002349236
아이진,185490,00945457,33134034182.0,30850737847.0,464585672600,2283296335.0,0.004914693822178794
삼륭물산,014970,00125488,47884536354.0,57034409940.0,105421250000,-9149873586.0,-0.08679344616004837
한일단조,024740,00162832,84771797051.0,124532821163.0,68899511040,-39761024112.0,-0.5770871739411404
아톤,158430,00595182,41222026502.0,9618501033.0,181544160900,31603525469.0,0.17408175130682488
선익시스템,171090,00327819,62989693341.0,21024367767.0,190952130400,41965325574.0,0.21976882628170982
동아엘텍,088130,00489243,190353223704.0,72627753012.0,104176904260,117725470692.0,1.1300534559770188
디지캡,197140,00681373,18932597603.0,16554497626.0,44628418800,2378099977.0,0.053286673401030285
에스디생명공학,217480,01099667,77361269157.0,63374837369.0,69598779930,13986431788.0,0.2009580024544548
에스제이엠,123700,00815369,149332568710.0,48029724860.0,74513387950,101302843850.0,1.3595254039176996
일진파워,094820,00485177,81292097280.0,49466797116.0,257091988450,31825300164.0,0.12378954457458513
켐트로닉스,089010,00371485,198724529561.0,268738502341.0,430143645150,-70013972780.0,-0.16276881820626382
티로보틱스,117730,00867098,32924585638.0,38248947634.0,131997063550,-5324361996.0,-0.04033697305685252
극동유화,014530,00105156,114238984615.0,128103484590.0,134247267000,-13864499975.0,-0.10327584527288738
삼아제약,009300,00126788,91677057339.0,15548116745.0,136318000000,76128940594.0,0.5584657975762555
브이원텍,251630,01027794,67084016898.0,28162745387.0,135605725800,38921271511.0,0.28701790637073527
코스맥스,192820,01009789,668010403723.0,962553164726.0,1146300409000,-294542761003.0,-0.25695075975760207
동아에스티,170900,00956930,466520423576.0,355522433752.0,610649053500,110997989824.0,0.18177050989893986
멜파스,096640,00609315,16902891443.0,31553150062.0,68785490730,-14650258619.0,-0.212984721974375
경인양행,012610,00102113,280958208940.0,292528167456.0,260268044900,-11569958516.0,-0.044454010942624175
국동,005320,00168331,141569224222.0,110106764459.0,157767980800,31462459763.0,0.19942233907959098
태양금속공업,004100,00153755,187920164045.0,343565561197.0,49545000000,-155645397152.0,-3.1414955525683723
피엔티,137400,00612294,293653265767.0,284790510219.0,984693873400,8862755548.0,0.0090005186255483
한익스프레스,014130,00129509,125336263893.0,246432824009.0,78360000000,-121096560116.0,-1.5453874440530884
서울리거,043710,00305570,70349545633.0,70173223067.0,43413636240,176322566.0,0.004061455829805423
쎌마테라퓨틱스,015540,00108065,27077087110.0,28640795948.0,86229499400,-1563708838.0,-0.018134267841986334
정상제이엘에스,040420,00287788,21666956852.0,41857457150.0,125733967040,-20190500298.0,-0.16058111243381637
코아스,071950,00210856,35158033084.0,53978325281.0,34616075200,-18820292197.0,-0.5436864834693911
휴맥스,115160,00787057,562363311825.0,651601552613.0,201162302440,-89238240788.0,-0.44361314076039066
동양철관,008970,00117629,68244380806.0,63390867385.0,151578744750,4853513421.0,0.03201974939827439
엘오티베큠,083310,00484682,132844467007.0,64024437330.0,280508019750,68820029677.0,0.24534068487002678
젬백스,082270,00492894,64399656624.0,17612792258.0,680799957300,46786864366.0,0.06872336560001133
삼진,032750,00173351,65058483755.0,18817329782.0,69600000000,46241153973.0,0.6643843961637931
COWON,056000,00361266,23411194637.0,5338817537.0,56399843500,18072377100.0,0.32043310723016455
세원정공,021820,00134316,261476832632.0,60647385334.0,80900000000,200829447298.0,2.482440634091471
바텍,043150,00264255,210571529592.0,127488625045.0,506530129600,83082904547.0,0.16402361812634808
STX,011810,00138297,323528000000.0,544431000000.0,113340957840,-220903000000.0,-1.949012997682992
디스플레이텍,066670,00371740,83830352242.0,35478271037.0,126544284860,48352081205.0,0.38209612752162975
에스코넥,096630,00573269,75456084223.0,107462031896.0,121749118160,-32005947673.0,-0.26288443117048693
제이씨현시스템,033320,00223513,119789480509.0,45771970465.0,130933859200,74017510044.0,0.5653045781759101
신라젠,215600,00919966,19625666884.0,23936351930.0,1244692212500,-4310685046.0,-0.0034632538090214812
솔고바이오,043100,00220109,26624140511.0,23239628313.0,68354109000,3384512198.0,0.04951439273387354
가온미디어,078890,00441304,303382148834.0,187425774730.0,252045941400,115956374104.0,0.4600604693728268
큐브엔터,182360,00985686,37507187342.0,20807749347.0,311295691850,16699437995.0,0.05364493769816365
휴맥스홀딩스,028080,00219440,15012180358.0,24182943182.0,51756437190,-9170762824.0,-0.17719076740799902
서울옥션,063170,00410915,98594008668.0,87558709746.0,479611125000,11035298922.0,0.02300884684857967
젬백스링크,064800,00392691,61611291365.0,47648855542.0,138075690820,13962435823.0,0.10112160757683182
윌비스,008600,00104999,204394769142.0,204328018110.0,109181373920,66751032.0,0.0006113774685498114
동양에스텍,060380,00178851,73139903344.0,61027079750.0,69541000000,12112823594.0,0.1741824764383601
맘스터치,220630,01089855,56140687832.0,34017682619.0,562032771120,22123005213.0,0.03936248266967426
내츄럴엔도텍,168330,00923792,23828148773.0,25760392239.0,148707111150,-1932243466.0,-0.012993618469603362
세방,004360,00133812,278438791121.0,322520859098.0,234600583500,-44082067977.0,-0.18790263570252375
인텍플러스,064290,00479787,49548937640.0,34391059219.0,306020884200,15157878421.0,0.04953216987339193
제이준코스메틱,025620,00136776,18477278647.0,32859197293.0,66757075788,-14381918646.0,-0.2154366181597373
제로투세븐,159580,00563837,50532701583.0,33998286116.0,212345941600,16534415467.0,0.07786546492207601
KPX홀딩스,092230,00587466,687349206768.0,431922439780.0,273334596200,255426766988.0,0.9344838543639871
마이더스AI,222810,01091382,24020289634.0,22342922686.0,55100333640,1677366948.0,0.030442047029318135
리메드,302550,01275665,46219828151.0,49167083617.0,170597786400,-2947255466.0,-0.017276047527894536
코메론,049430,00152783,90673906144.0,16880443014.0,97718400000,73793463130.0,0.7551644637038675
우리산업홀딩스,072470,00359623,258457145395.0,232278358804.0,115212780100,26178786591.0,0.22722120383066774
에이블씨엔씨,078520,00400857,143181757028.0,105725311559.0,169499787930,37456445469.0,0.22098225565018853
티에스이,131290,00372226,150329330238.0,80896405305.0,779830744500,69432924933.0,0.08903589070153671
한국유니온제약,080720,00532855,41606789211.0,30017865881.0,75243490560,11588923330.0,0.1540189489316536
SNT중공업,003570,00134477,473654629919.0,256750260632.0,294286368450,216904369287.0,0.7370520436588031
